<?xml version="1.0" encoding="UTF-8"?>
<project-private xmlns="http://www.netbeans.org/ns/project-private/1">
    <editor-bookmarks xmlns="http://www.netbeans.org/ns/editor-bookmarks/2" lastBookmarkId="0"/>
    <open-files xmlns="http://www.netbeans.org/ns/projectui-open-files/2">
        <group>
            <file>file:/C:/Users/16125/Documents/NetBeansProjects/befitmamas/web/aboutus.jsp</file>
            <file>file:/C:/Users/16125/Documents/NetBeansProjects/befitmamas/web/dp4.html</file>
            <file>file:/C:/Users/16125/Documents/NetBeansProjects/befitmamas/web/signin.jsp</file>
            <file>file:/C:/Users/16125/Documents/NetBeansProjects/befitmamas/web/signIn.html</file>
            <file>file:/C:/Users/16125/Documents/NetBeansProjects/befitmamas/web/index.html</file>
            <file>file:/C:/Users/16125/Documents/NetBeansProjects/befitmamas/web/style.css</file>
        </group>
    </open-files>
</project-private>
